fileName,cameraAngle,medianLeafCount,maxLeafCount,leafAngle,stalkHeight,panicleExsertion
.,NaN,NaN,NaN,NaN,NaN,NaN
..,NaN,NaN,NaN,NaN,NaN,NaN
1-26-18_Sorghum_seed_123_2018-02-02_02-55-39_6841500,NaN,NaN,NaN,NaN,NaN,NaN
1-26-18_Sorghum_seed_12_2018-02-02_01-32-21_6838700,NaN,NaN,NaN,NaN,NaN,NaN
1-26-18_Sorghum_seed_1744_2018-02-09_02-55-01_7056000,NaN,NaN,NaN,NaN,NaN,NaN
1-26-18_Sorghum_seed_658813_2018-02-07_01-56-14_6993500,Vis_SV_108,10,10,37.03354646,569,NaN
1-26-18_Sorghum_seed_658860_2018-01-26_02-56-00_6701600,Vis_SV_108,3,5,NaN,NaN,NaN
1-26-18_Sorghum_seed_659270_2018-02-02_12-35-17_6837800,Vis_SV_72,3,3,7.260619005,402,23
1-26-18_Sorghum_seed_915-001-PI 658758_2018-02-07_02-23-34_6994600,Vis_SV_72,9,12,95.96681642,572,25
1-26-18_Sorghum_seed_915-002-PI 658759_2018-02-07_02-33-34_6995000,Vis_SV_0,6,8,104.7067405,1386,NaN
1-26-18_Sorghum_seed_915-003-PI 658760_2018-01-26_02-20-56_6700400,Vis_SV_72,5,5,59.21460839,534,NaN
1-26-18_Sorghum_seed_915-004-PI 658761_2018-01-26_02-34-40_6701100,Vis_SV_144,4,4,76.09242602,574,NaN
1-26-18_Sorghum_seed_915-007-PI 658764_2018-01-26_01-07-35_6697300,Vis_SV_0,8,8,52.95037347,333,105
1-26-18_Sorghum_seed_915-008-PI 658765_2018-01-29_01-51-38_6789600,Vis_SV_144,5,5,31.58319388,172,365
1-26-18_Sorghum_seed_915-008-PI 658765_2018-01-29_02-07-17_6790600,Vis_SV_72,5,6,44.28916128,212,327
1-26-18_Sorghum_seed_915-009-PI 658766_2018-01-26_12-30-12_6695800,NaN,NaN,NaN,NaN,NaN,NaN
1-26-18_Sorghum_seed_915-010-PI 658767_2018-01-26_02-09-47_6699800,Vis_SV_144,7,8,110.2745789,419,10
1-26-18_Sorghum_seed_915-011-PI 658768_2018-01-26_12-42-38_6696300,Vis_SV_0,3,3,65.35620323,280,63
1-26-18_Sorghum_seed_915-012-PI 658769_2018-02-05_01-47-15_6944800,Vis_SV_144,6,7,83.35569196,1173,NaN
1-26-18_Sorghum_seed_915-014-PI 658771_2018-02-05_01-57-14_6945200,Vis_SV_0,6,8,70.82605231,679,NaN
1-26-18_Sorghum_seed_915-015-PI 658772_2018-02-05_01-31-57_6944200,Vis_SV_72,11,11,41.76704759,546,17
1-26-18_Sorghum_seed_915-016-PI 658773_2018-02-05_01-30-00_6944100,Vis_SV_144,10,12,137.9684905,445,NaN
1-26-18_Sorghum_seed_915-017-PI 658774_2018-01-26_02-17-02_6700200,NaN,NaN,NaN,NaN,NaN,NaN
1-26-18_Sorghum_seed_915-018-PI 658775_2018-02-05_01-20-10_6943600,Vis_SV_108,7,8,42.12421994,331,205
1-26-18_Sorghum_seed_915-019-PI 658776_2018-01-26_02-07-18_6699700,Vis_SV_36,3,4,35.25471695,477,NaN
1-26-18_Sorghum_seed_915-020-PI 658777_2018-01-26_02-04-50_6699600,Vis_SV_144,3,3,43.79736174,182,205
1-26-18_Sorghum_seed_915-021-PI 658778_2018-01-26_02-36-37_6701200,Vis_SV_0,8,9,169.5988799,1148,NaN
1-26-18_Sorghum_seed_915-022-PI 658779_2018-01-29_01-59-29_6790200,NaN,NaN,NaN,NaN,NaN,NaN
1-26-18_Sorghum_seed_915-023-PI 658780_2018-01-26_01-44-59_6698800,NaN,NaN,NaN,NaN,NaN,NaN
1-26-18_Sorghum_seed_915-024-PI 658781_2018-01-26_10-37-51_6692000,NaN,NaN,NaN,NaN,NaN,NaN
1-26-18_Sorghum_seed_915-024-PI 658781_2018-01-26_10-52-20_6692200,NaN,NaN,NaN,NaN,NaN,NaN
1-26-18_Sorghum_seed_915-025-PI 658782_2018-02-05_03-02-41_6947400,NaN,15,17,NaN,NaN,NaN
1-26-18_Sorghum_seed_915-025-PI 658782_2018-02-05_03-13-58_6947600,NaN,NaN,NaN,NaN,NaN,NaN
1-26-18_Sorghum_seed_915-027-PI 658784_2018-01-26_11-07-47_6692500,Vis_SV_36,6,9,50.99369255,461,NaN
1-26-18_Sorghum_seed_915-028-PI 658785_2018-02-05_01-02-24_6942700,Vis_SV_0,7,7,24.09580762,364,145
1-26-18_Sorghum_seed_915-029-PI 658786_2018-02-05_12-53-19_6942200,Vis_SV_0,9,9,89.05341661,483,63
1-26-18_Sorghum_seed_915-030-PI 658787_2018-01-26_12-10-14_6695000,Vis_SV_144,5,10,117.4188891,429,NaN
1-26-18_Sorghum_seed_915-031-PI 658788_2018-02-05_12-54-47_6942300,Vis_SV_0,6,7,81.83797059,531,10
1-26-18_Sorghum_seed_915-032-PI 658789_2018-02-05_12-58-26_6942500,NaN,NaN,NaN,NaN,NaN,NaN
1-26-18_Sorghum_seed_915-033-PI 658790_2018-01-29_01-46-26_6787600,Vis_SV_144,5,6,48.72338227,263,218
1-26-18_Sorghum_seed_915-034-PI 658791_2018-01-29_02-15-08_6791000,Vis_SV_0,1,1,NaN,NaN,NaN
1-26-18_Sorghum_seed_915-035-PI 658792_2018-01-26_01-42-31_6698700,Vis_SV_0,2,3,22.26032941,548,NaN
1-26-18_Sorghum_seed_915-037-PI 658794_2018-01-29_01-47-59_6788200,NaN,NaN,NaN,NaN,NaN,NaN
1-26-18_Sorghum_seed_915-038-PI 658795_2018-01-26_01-00-08_6697000,Vis_SV_108,4,5,46.87167932,399,18
1-26-18_Sorghum_seed_915-040-PI 658797_2018-01-26_01-35-03_6698400,Vis_SV_144,7,7,81.11017172,434,NaN
1-26-18_Sorghum_seed_915-041-PI 658798_2018-02-02_12-05-38_6836700,Vis_SV_36,5,6,84.18009213,687,NaN
1-26-18_Sorghum_seed_915-042-PI 658799_2018-01-29_01-53-37_6789900,NaN,NaN,NaN,NaN,NaN,NaN
1-26-18_Sorghum_seed_915-043-PI 658800_2018-02-02_11-40-10_6835400,Vis_SV_108,7,10,27.73704569,281,213
1-26-18_Sorghum_seed_915-044-PI 658801_2018-02-05_01-26-04_6943900,Vis_SV_108,8,10,70.55435763,504,102
1-26-18_Sorghum_seed_915-045-PI 658802_2018-02-07_03-13-49_6996600,Vis_SV_108,13,14,123.6134651,704,75
1-26-18_Sorghum_seed_915-046-PI 658803_2018-02-09_10-58-11_7048000,Vis_SV_108,11,14,62.84060477,703,102
1-26-18_Sorghum_seed_915-047-PI 658804_2018-02-07_01-45-12_6992900,Vis_SV_144,8,10,37.9445385,591,44
1-26-18_Sorghum_seed_915-048-PI 658805_2018-01-26_12-27-44_6695700,NaN,NaN,NaN,NaN,NaN,NaN
1-26-18_Sorghum_seed_915-049-PI 658806_2018-01-26_10-36-42_6691900,NaN,NaN,NaN,NaN,NaN,NaN
1-26-18_Sorghum_seed_915-049-PI 658806_2018-01-26_10-51-34_6692100,NaN,NaN,NaN,NaN,NaN,NaN
1-26-18_Sorghum_seed_915-050-PI 658807_2018-02-05_01-49-44_6944900,Vis_SV_0,10,11,66.47186346,607,26
1-26-18_Sorghum_seed_915-051-PI 658808_2018-02-05_02-07-25_6945400,Vis_SV_108,11,11,51.61420588,596,11
1-26-18_Sorghum_seed_915-052-PI 658809_2018-02-07_02-38-43_6995200,Vis_SV_0,10,10,95.42323128,551,91
1-26-18_Sorghum_seed_915-053-PI 658810_2018-01-26_11-06-25_6692400,NaN,NaN,NaN,NaN,NaN,NaN
1-26-18_Sorghum_seed_915-054-PI 658811_2018-01-26_01-37-32_6698500,NaN,NaN,NaN,NaN,NaN,NaN
1-26-18_Sorghum_seed_915-055-PI 658812_2018-02-07_02-26-04_6994700,NaN,NaN,NaN,NaN,NaN,NaN
1-26-18_Sorghum_seed_915-056-PI 658813_2018-02-07_02-17-12_6994300,Vis_SV_108,8,9,90.68981864,520,NaN
1-26-18_Sorghum_seed_915-057-PI 658814_2018-02-07_02-02-08_6993800,Vis_SV_72,8,14,63.10104624,716,NaN
1-26-18_Sorghum_seed_915-058-PI 658815_2018-02-07_02-16-22_6994200,Vis_SV_108,10,11,58.32975463,574,27
1-26-18_Sorghum_seed_915-059-PI 658816_2018-02-07_02-21-45_6994500,Vis_SV_72,12,14,121.6974517,339,NaN
1-26-18_Sorghum_seed_915-060-PI 658817_2018-01-26_02-24-51_6700600,Vis_SV_36,8,10,57.74833832,460,NaN
1-26-18_Sorghum_seed_915-062-PI 658819_2018-01-26_02-51-53_6701500,Vis_SV_0,6,9,140.2150877,380,67
1-26-18_Sorghum_seed_915-063-PI 658820_2018-02-09_10-08-20_7046000,Vis_SV_0,7,7,61.08974429,580,262
1-26-18_Sorghum_seed_915-064-PI 658821_2018-01-26_11-12-45_6692700,Vis_SV_108,4,6,92.25456269,154,72
1-26-18_Sorghum_seed_915-065-PI 658822_2018-01-29_03-05-47_6797100,Vis_SV_0,7,9,21.17309498,598,NaN
1-26-18_Sorghum_seed_915-066-PI 658823_2018-02-07_02-04-05_6993900,Vis_SV_0,11,12,75.39425658,557,22
1-26-18_Sorghum_seed_915-067-PI 658824_2018-02-07_02-41-14_6995300,Vis_SV_72,5,8,123.9261259,760,NaN
1-26-18_Sorghum_seed_915-068-PI 658825_2018-02-09_02-22-54_7055100,Vis_SV_0,8,8,124.4062565,806,NaN
1-26-18_Sorghum_seed_915-069-PI 658826_2018-01-26_11-10-16_6692600,NaN,NaN,NaN,NaN,NaN,NaN
1-26-18_Sorghum_seed_915-070-PI 658827_2018-02-07_01-44-04_6992800,Vis_SV_0,8,9,27.56651023,724,NaN
1-26-18_Sorghum_seed_915-071-PI 658828_2018-02-05_02-14-39_6945800,NaN,NaN,NaN,NaN,NaN,NaN
1-26-18_Sorghum_seed_915-072-PI 658829_2018-02-05_01-39-46_6944500,Vis_SV_0,7,13,69.71511812,538,37
1-26-18_Sorghum_seed_915-074-PI 658831_2018-01-26_11-55-14_6694400,NaN,NaN,NaN,NaN,NaN,NaN
1-26-18_Sorghum_seed_915-075-PI 658832_2018-02-07_01-48-02_6993100,Vis_SV_72,6,7,52.8435915,483,NaN
1-26-18_Sorghum_seed_915-076-PI 658833_2018-01-26_12-57-32_6696900,NaN,NaN,NaN,NaN,NaN,NaN
1-26-18_Sorghum_seed_915-077-PI 658834_2018-02-05_02-17-13_6945900,Vis_SV_108,15,15,147.3475997,531,NaN
1-26-18_Sorghum_seed_915-078-PI 658835_2018-02-07_03-08-43_6996400,NaN,14,17,NaN,NaN,NaN
1-26-18_Sorghum_seed_915-080-PI 658837_2018-02-07_02-56-16_6995900,Vis_SV_0,8,9,56.11352993,618,76
1-26-18_Sorghum_seed_915-080-PI 658837_2018-02-07_03-16-14_6996700,Vis_SV_108,10,11,52.72470169,682,24
1-26-18_Sorghum_seed_915-081-PI 658838_2018-02-09_02-15-09_7054800,Vis_SV_72,6,8,43.78328204,1109,NaN
1-26-18_Sorghum_seed_915-082-PI 658839_2018-01-29_02-50-44_6794500,Vis_SV_108,6,8,50.29425887,345,95
1-26-18_Sorghum_seed_915-083-PI 658840_2018-02-05_01-08-19_6943000,Vis_SV_0,5,6,62.7406908,488,18
1-26-18_Sorghum_seed_915-084-PI 658841_2018-02-09_11-03-08_7048200,NaN,15,16,NaN,NaN,NaN
1-26-18_Sorghum_seed_915-085-PI 658842_2018-02-09_10-53-11_7047800,Vis_SV_144,12,14,43.01905296,777,88
1-26-18_Sorghum_seed_915-086-PI 658843_2018-02-05_02-03-56_6945300,Vis_SV_0,1,1,154.9550357,205,350
1-26-18_Sorghum_seed_915-087-PI 658844_2018-01-26_11-52-44_6694300,Vis_SV_36,6,8,164.6417569,168,40
1-26-18_Sorghum_seed_915-088-PI 658845_2018-02-05_01-06-21_6942900,Vis_SV_0,2,3,51.87099966,288,273
1-26-18_Sorghum_seed_915-089-PI 658846_2018-02-05_12-56-08_6942400,Vis_SV_72,5,6,75.57437991,175,NaN
1-26-18_Sorghum_seed_915-090-PI 658847_2018-02-05_12-52-11_6942100,NaN,NaN,NaN,NaN,NaN,NaN
1-26-18_Sorghum_seed_915-091-PI 658848_2018-02-05_02-12-10_6945700,Vis_SV_0,8,8,35.0619158,480,119
1-26-18_Sorghum_seed_915-092-PI 658849_2018-01-26_11-17-44_6692900,Vis_SV_108,3,3,173.0012759,1,62
1-26-18_Sorghum_seed_915-093-PI 658850_2018-01-26_03-30-37_6703100,Vis_SV_144,6,7,54.9188615,403,24
1-26-18_Sorghum_seed_915-094-PI 658851_2018-02-05_01-04-23_6942800,NaN,0,0,NaN,NaN,NaN
1-26-18_Sorghum_seed_915-095-PI 658852_2018-02-05_01-10-17_6943100,Vis_SV_108,12,15,54.80953735,627,NaN
1-26-18_Sorghum_seed_915-096-PI 658853_2018-02-05_02-09-40_6945600,Vis_SV_144,2,2,89.50245781,5,44
1-26-18_Sorghum_seed_915-097-PI 658854_2018-02-05_02-24-38_6946200,Vis_SV_108,10,10,46.89311745,625,8
1-26-18_Sorghum_seed_915-098-PI 658855_2018-02-09_01-56-36_7054000,NaN,17,20,NaN,NaN,NaN
1-26-18_Sorghum_seed_915-099-PI 658856_2018-01-26_12-35-11_6696000,Vis_SV_72,4,5,74.57322885,199,26
1-26-18_Sorghum_seed_915-100-PI 658857_2018-01-29_03-08-24_6797500,Vis_SV_72,3,6,113.6033304,422,83
1-26-18_Sorghum_seed_915-101-PI 658858_2018-02-02_11-57-46_6836300,Vis_SV_72,4,5,108.2713994,621,NaN
1-26-18_Sorghum_seed_915-102-PI 658859_2018-02-05_02-22-02_6946100,Vis_SV_0,7,9,41.68676515,753,NaN
1-26-18_Sorghum_seed_915-104-PI 658861_2018-02-07_01-54-17_6993400,Vis_SV_0,1,1,9.475453422,664,14
1-26-18_Sorghum_seed_915-105-PI 658862_2018-01-26_02-22-54_6700500,Vis_SV_0,1,1,6.134835593,1152,NaN
1-26-18_Sorghum_seed_915-106-PI 658863_2018-01-26_12-07-45_6694900,Vis_SV_36,4,5,14.61727582,289,6
1-26-18_Sorghum_seed_915-107-PI 658864_2018-02-09_01-54-48_7053900,Vis_SV_0,12,13,42.41393794,940,38
1-26-18_Sorghum_seed_915-108-PI 658865_2018-01-26_02-28-47_6700800,Vis_SV_0,6,6,71.67389938,316,101
1-26-18_Sorghum_seed_915-109-PI 658866_2018-01-29_03-20-55_6799200,Vis_SV_144,5,7,45.52815462,304,NaN
1-26-18_Sorghum_seed_915-110-PI 658867_2018-01-26_12-25-08_6695600,Vis_SV_108,5,7,152.0281927,328,NaN
1-26-18_Sorghum_seed_915-111-PI 658868_2018-02-09_11-19-22_7048700,Vis_SV_0,2,5,50.99537344,750,106
1-26-18_Sorghum_seed_915-112-PI 658869_2018-02-05_01-35-53_6944300,Vis_SV_144,6,10,121.7437118,711,NaN
1-26-18_Sorghum_seed_915-113-PI 658870_2018-01-26_11-27-43_6693300,NaN,NaN,NaN,NaN,NaN,NaN
1-26-18_Sorghum_seed_915-114-PI 658871_2018-02-07_02-31-04_6994900,Vis_SV_72,9,10,62.7203181,602,120
1-26-18_Sorghum_seed_915-115-PI 658872_2018-02-07_01-52-19_6993300,Vis_SV_144,7,9,40.21067084,658,NaN
1-26-18_Sorghum_seed_915-117-PI 658874_2018-02-07_02-06-04_6994000,Vis_SV_0,8,9,49.64464974,1366,NaN
1-26-18_Sorghum_seed_915-118-PI 658875_2018-01-26_11-15-15_6692800,Vis_SV_144,4,4,117.7415263,281,NaN
1-26-18_Sorghum_seed_915-118-PI 658875_2018-01-26_11-35-11_6693600,Vis_SV_0,2,3,29.4822054,268,NaN
1-26-18_Sorghum_seed_915-119-PI 658876_2018-01-29_02-48-07_6793900,Vis_SV_36,8,9,60.80190722,440,99
1-26-18_Sorghum_seed_915-120-PI 658877_2018-01-26_02-18-59_6700300,Vis_SV_72,6,7,84.28353368,330,98
1-26-18_Sorghum_seed_915-121-PI 658878_2018-02-07_02-08-01_6994100,Vis_SV_72,11,12,49.00322073,738,NaN
1-26-18_Sorghum_seed_915-122-PI 658879_2018-02-02_12-25-20_6837400,Vis_SV_72,3,4,47.01640649,645,NaN
1-26-18_Sorghum_seed_915-123-PI 658880_2018-02-09_11-20-08_7048800,Vis_SV_144,4,6,54.24118551,982,NaN
1-26-18_Sorghum_seed_915-124-PI 658881_2018-02-09_11-43-24_7049800,Vis_SV_0,10,10,70.81112744,1121,NaN
1-26-18_Sorghum_seed_915-125-PI 658882_2018-02-09_02-01-34_7054200,Vis_SV_36,6,7,69.53503237,667,389
1-26-18_Sorghum_seed_915-126-PI 658883_2018-02-02_02-22-06_6840500,Vis_SV_144,5,5,72.43174913,866,NaN
1-26-18_Sorghum_seed_915-127-PI 658884_2018-01-26_02-02-20_6699500,Vis_SV_72,3,7,37.34556546,294,91
1-26-18_Sorghum_seed_915-128-PI 658885_2018-02-07_04-06-23_6998600,Vis_SV_144,10,13,59.45591527,815,NaN
1-26-18_Sorghum_seed_915-129-PI 658886_2018-01-29_02-05-21_6790500,Vis_SV_0,5,7,130.2652398,336,82
1-26-18_Sorghum_seed_915-130-PI 658887_2018-02-07_02-20-59_6994400,Vis_SV_108,1,2,85.26250445,377,149
1-26-18_Sorghum_seed_915-131-PI 658888_2018-02-05_01-42-16_6944600,Vis_SV_144,6,6,123.2231373,735,NaN
1-26-18_Sorghum_seed_915-132-PI 658889_2018-01-26_03-23-10_6702800,Vis_SV_144,2,3,35.09627012,201,229
1-26-18_Sorghum_seed_915-133-PI 658890_2018-01-26_12-20-11_6695400,Vis_SV_36,4,5,58.04971061,410,NaN
1-26-18_Sorghum_seed_915-135-PI 658892_2018-01-29_02-40-30_6792000,Vis_SV_0,4,6,133.1702582,558,NaN
1-26-18_Sorghum_seed_915-136-PI 658893_2018-02-02_11-31-56_6835000,Vis_SV_108,10,13,41.99521161,746,NaN
1-26-18_Sorghum_seed_915-137-PI 658894_2018-02-09_11-57-12_7050500,Vis_SV_0,9,14,44.97395978,641,NaN
1-26-18_Sorghum_seed_915-138-PI 658895_2018-01-29_02-17-07_6791100,Vis_SV_108,8,8,36.10136059,588,NaN
1-26-18_Sorghum_seed_915-139-PI 658896_2018-02-09_01-31-42_7053000,Vis_SV_108,13,15,61.46752405,994,NaN
1-26-18_Sorghum_seed_915-140-PI 658897_2018-02-02_11-36-12_6835200,Vis_SV_36,8,11,81.08508863,656,NaN
1-26-18_Sorghum_seed_915-141-PI 658898_2018-02-09_11-37-27_7049400,NaN,17,20,NaN,NaN,NaN
1-26-18_Sorghum_seed_915-142-PI 658899_2018-02-02_11-34-14_6835100,Vis_SV_72,7,8,129.9215516,632,NaN
1-26-18_Sorghum_seed_915-143-PI 658900_2018-02-05_02-40-28_6946400,Vis_SV_144,5,7,62.03887722,786,NaN
1-26-18_Sorghum_seed_915-144-PI 658901_2018-02-02_11-44-05_6835600,Vis_SV_0,5,7,65.275735,467,179
1-26-18_Sorghum_seed_915-145-PI 658902_2018-01-29_02-58-13_6795600,Vis_SV_72,7,9,58.61067432,404,98
1-26-18_Sorghum_seed_915-146-PI 658903_2018-02-05_02-42-47_6946600,Vis_SV_0,9,13,60.03105393,689,NaN
1-26-18_Sorghum_seed_915-147-PI 658904_2018-01-29_02-25-01_6791500,Vis_SV_144,8,9,20.52095077,647,NaN
1-26-18_Sorghum_seed_915-148-PI 658905_2018-02-07_03-06-14_6996300,Vis_SV_0,3,6,96.32361548,907,NaN
1-26-18_Sorghum_seed_915-149-PI 658906_2018-01-26_12-40-09_6696200,Vis_SV_108,2,2,41.79341436,152,171
1-26-18_Sorghum_seed_915-150-PI 658907_2018-02-05_02-41-14_6946500,Vis_SV_36,5,7,78.16762466,810,NaN
1-26-18_Sorghum_seed_915-151-PI 658908_2018-02-07_02-43-44_6995400,Vis_SV_108,7,9,74.17738759,462,NaN
1-26-18_Sorghum_seed_915-152-PI 658909_2018-02-09_11-39-38_7049600,Vis_SV_36,9,11,53.89511554,943,NaN
1-26-18_Sorghum_seed_915-153-PI 658910_2018-01-26_11-25-13_6693200,Vis_SV_0,4,6,122.4775432,650,NaN
1-26-18_Sorghum_seed_915-154-PI 658911_2018-02-05_02-08-20_6945500,Vis_SV_144,5,5,52.22985464,1143,NaN
1-26-18_Sorghum_seed_915-155-PI 658912_2018-01-26_01-32-26_6698300,Vis_SV_144,11,11,69.18298367,411,NaN
1-26-18_Sorghum_seed_915-156-PI 658913_2018-02-09_12-14-42_7051200,NaN,16,22,NaN,NaN,NaN
1-26-18_Sorghum_seed_915-156-PI 658913_2018-02-09_12-31-43_7052000,NaN,17,21,NaN,NaN,NaN
1-26-18_Sorghum_seed_915-157-PI 658914_2018-02-02_12-20-21_6837200,NaN,NaN,NaN,NaN,NaN,NaN
1-26-18_Sorghum_seed_915-158-PI 658915_2018-02-05_02-52-45_6947000,NaN,12,16,NaN,NaN,NaN
1-26-18_Sorghum_seed_915-160-PI 658917_2018-02-09_10-43-15_7047400,Vis_SV_108,7,9,62.71855586,932,NaN
1-26-18_Sorghum_seed_915-161-PI 658918_2018-02-09_12-29-14_7051900,Vis_SV_0,7,8,37.00108905,997,NaN
1-26-18_Sorghum_seed_915-162-PI 658919_2018-02-09_11-08-03_7048400,Vis_SV_0,7,9,55.1771864,1002,NaN
1-26-18_Sorghum_seed_915-163-PI 658920_2018-02-09_01-36-41_7053200,NaN,13,16,NaN,NaN,NaN
1-26-18_Sorghum_seed_915-164-PI 658921_2018-01-26_12-55-03_6696800,NaN,NaN,NaN,NaN,NaN,NaN
1-26-18_Sorghum_seed_915-165-PI 658922_2018-02-02_11-30-36_6834900,Vis_SV_36,11,12,168.3254924,372,NaN
1-26-18_Sorghum_seed_915-167-PI 658924_2018-02-09_01-29-08_7052900,Vis_SV_144,11,12,119.3114119,946,68
1-26-18_Sorghum_seed_915-168-PI 658925_2018-02-07_01-50-20_6993200,Vis_SV_0,7,7,56.10431714,729,NaN
1-26-18_Sorghum_seed_915-169-PI 658926_2018-02-09_11-53-57_7050300,NaN,10,17,NaN,NaN,NaN
1-26-18_Sorghum_seed_915-170-PI 658927_2018-01-29_02-39-09_6791900,Vis_SV_144,7,8,96.51085478,1314,NaN
1-26-18_Sorghum_seed_915-171-PI 658928_2018-01-29_01-49-20_6789000,Vis_SV_0,3,4,10.57817803,442,66
1-26-18_Sorghum_seed_915-173-PI 658930_2018-02-05_01-52-14_6945000,Vis_SV_108,13,13,45.35312311,903,NaN
1-26-18_Sorghum_seed_915-174-PI 658931_2018-02-02_02-44-26_6841400,Vis_SV_72,8,10,154.0861574,531,85
1-26-18_Sorghum_seed_915-175-PI 658932_2018-01-29_02-13-10_6790900,Vis_SV_0,6,7,142.097371,601,NaN
1-26-18_Sorghum_seed_915-176-PI 658933_2018-02-09_02-16-58_7054900,Vis_SV_108,11,12,56.77212859,1304,NaN
1-26-18_Sorghum_seed_915-177-PI 658934_2018-02-07_03-23-44_6996900,Vis_SV_36,11,13,35.59216917,713,21
1-26-18_Sorghum_seed_915-178-PI 658935_2018-02-09_01-34-12_7053100,Vis_SV_0,11,12,54.94781538,1048,NaN
1-26-18_Sorghum_seed_915-179-PI 658936_2018-02-02_12-22-51_6837300,Vis_SV_144,4,5,37.76375778,511,63
1-26-18_Sorghum_seed_915-180-PI 658937_2018-02-09_01-49-54_7053700,NaN,9,17,NaN,NaN,NaN
1-26-18_Sorghum_seed_915-180-PI 658937_2018-02-09_02-07-47_7054500,Vis_SV_0,11,12,60.04020888,913,172
1-26-18_Sorghum_seed_915-181-PI 658938_2018-01-26_01-47-28_6698900,Vis_SV_36,1,2,80.19168525,397,9
1-26-18_Sorghum_seed_915-182-PI 658939_2018-01-26_02-32-42_6701000,Vis_SV_36,4,6,65.55830077,608,NaN
1-26-18_Sorghum_seed_915-183-PI 658940_2018-02-09_11-05-36_7048300,Vis_SV_144,7,9,115.0753992,952,NaN
1-26-18_Sorghum_seed_915-184-PI 658941_2018-02-09_11-45-22_7049900,Vis_SV_0,9,9,121.4657347,785,86
1-26-18_Sorghum_seed_915-185-PI 658942_2018-02-09_01-59-06_7054100,Vis_SV_0,3,3,39.47291689,988,85
1-26-18_Sorghum_seed_915-186-PI 658943_2018-01-26_11-32-41_6693500,Vis_SV_108,1,2,172.8398627,57,36
1-26-18_Sorghum_seed_915-187-PI 658944_2018-02-07_03-21-08_6996800,Vis_SV_0,8,9,50.49265046,567,144
1-26-18_Sorghum_seed_915-188-PI 658945_2018-01-26_02-40-31_6701400,Vis_SV_0,4,5,51.37089744,503,NaN
1-26-18_Sorghum_seed_915-190-PI 658947_2018-02-02_12-43-02_6838100,Vis_SV_108,8,9,72.00276189,763,NaN
1-26-18_Sorghum_seed_915-191-PI 658948_2018-02-07_03-43-15_6997500,Vis_SV_36,8,10,52.79200253,784,NaN
1-26-18_Sorghum_seed_915-191-PI 658948_2018-02-07_04-00-40_6998300,Vis_SV_108,9,9,50.27821768,807,NaN
1-26-18_Sorghum_seed_915-192-PI 658949_2018-02-09_02-24-55_7055200,Vis_SV_108,11,15,44.37279002,1106,NaN
1-26-18_Sorghum_seed_915-193-PI 658950_2018-01-29_02-38-23_6791800,Vis_SV_108,10,10,48.42355494,419,54
1-26-18_Sorghum_seed_915-194-PI 658951_2018-02-07_03-48-16_6997800,Vis_SV_144,11,11,63.14146622,680,56
1-26-18_Sorghum_seed_915-195-PI 658952_2018-01-29_02-03-23_6790400,NaN,NaN,NaN,NaN,NaN,NaN
1-26-18_Sorghum_seed_915-196-PI 658953_2018-01-29_03-03-12_6796700,Vis_SV_108,7,9,31.40122491,224,301
1-26-18_Sorghum_seed_915-197-PI 658954_2018-01-26_02-30-45_6700900,NaN,NaN,NaN,NaN,NaN,NaN
1-26-18_Sorghum_seed_915-198-PI 658955_2018-02-09_12-17-36_7051400,NaN,15,17,NaN,NaN,NaN
1-26-18_Sorghum_seed_915-199-PI 658956_2018-01-29_01-57-32_6790100,Vis_SV_144,2,5,92.73888681,310,NaN
1-26-18_Sorghum_seed_915-200-PI 658957_2018-02-09_10-20-49_7046500,Vis_SV_72,7,10,57.29420888,824,NaN
1-26-18_Sorghum_seed_915-201-PI 658958_2018-02-07_02-58-44_6996000,Vis_SV_36,12,13,72.37859748,780,NaN
1-26-18_Sorghum_seed_915-202-PI 658959_2018-02-02_02-39-28_6841200,Vis_SV_108,10,10,58.10540551,614,NaN
1-26-18_Sorghum_seed_915-203-PI 658960_2018-01-26_12-02-47_6694700,Vis_SV_144,8,8,143.7391877,569,NaN
1-26-18_Sorghum_seed_915-204-PI 658961_2018-02-02_11-29-08_6834800,NaN,0,0,NaN,NaN,NaN
1-26-18_Sorghum_seed_915-206-PI 658963_2018-01-26_03-05-33_6702100,Vis_SV_108,5,7,53.20098055,162,284
1-26-18_Sorghum_seed_915-207-PI 658964_2018-02-05_02-55-14_6947100,Vis_SV_0,4,5,31.11915448,609,6
1-26-18_Sorghum_seed_915-208-PI 658965_2018-01-26_01-59-52_6699400,NaN,NaN,NaN,NaN,NaN,NaN
1-26-18_Sorghum_seed_915-209-PI 658966_2018-01-26_02-13-08_6700000,Vis_SV_144,6,7,30.12280103,292,50
1-26-18_Sorghum_seed_915-210-PI 658967_2018-01-26_01-52-25_6699100,Vis_SV_144,5,5,142.0042736,466,NaN
1-26-18_Sorghum_seed_915-211-PI 658968_2018-02-09_11-10-31_7048500,Vis_SV_144,3,4,79.32338291,701,1
1-26-18_Sorghum_seed_915-212-PI 658969_2018-01-26_02-11-15_6699900,Vis_SV_36,4,4,77.81893249,197,173
1-26-18_Sorghum_seed_915-213-PI 658970_2018-02-02_11-46-02_6835700,Vis_SV_0,1,1,169.801561,145,NaN
1-26-18_Sorghum_seed_915-214-PI 658971_2018-02-02_12-03-40_6836600,Vis_SV_0,6,8,90.81411997,513,31
1-26-18_Sorghum_seed_915-216-PI 658973_2018-01-26_01-02-37_6697100,Vis_SV_72,6,8,75.33842339,451,NaN
1-26-18_Sorghum_seed_915-217-PI 658974_2018-02-02_11-28-00_6834700,Vis_SV_144,7,9,49.14479878,668,NaN
1-26-18_Sorghum_seed_915-218-PI 658975_2018-01-26_11-37-40_6693700,NaN,NaN,NaN,NaN,NaN,NaN
1-26-18_Sorghum_seed_915-219-PI 658976_2018-02-05_01-54-44_6945100,Vis_SV_144,7,7,173.0988588,10,32
1-26-18_Sorghum_seed_915-220-PI 658977_2018-01-26_11-45-15_6694000,Vis_SV_0,5,6,53.3097381,585,NaN
1-26-18_Sorghum_seed_915-221-PI 658978_2018-01-29_02-45-29_6793200,Vis_SV_0,6,7,61.04901942,353,115
1-26-18_Sorghum_seed_915-222-PI 658979_2018-02-09_01-21-36_7052500,NaN,8,17,NaN,NaN,NaN
1-26-18_Sorghum_seed_915-223-PI 658980_2018-01-26_01-29-58_6698200,Vis_SV_0,8,8,32.91933236,502,NaN
1-26-18_Sorghum_seed_915-224-PI 658981_2018-01-26_03-28-08_6703000,Vis_SV_144,10,10,59.48357306,309,104
1-26-18_Sorghum_seed_915-226-PI 658983_2018-02-07_02-48-44_6995600,Vis_SV_0,13,14,52.06520723,695,93
1-26-18_Sorghum_seed_915-226-PI 658983_2018-02-07_04-14-14_6999000,Vis_SV_108,13,14,25.21555961,725,92
1-26-18_Sorghum_seed_915-228-PI 658985_2018-02-09_10-13-18_7046200,Vis_SV_144,12,15,82.82825023,900,NaN
1-26-18_Sorghum_seed_915-229-PI 658986_2018-01-26_03-25-39_6702900,Vis_SV_108,4,5,90.12104735,508,NaN
1-26-18_Sorghum_seed_915-230-PI 658987_2018-01-26_12-12-43_6695100,Vis_SV_144,4,6,74.8447996,370,NaN
1-26-18_Sorghum_seed_915-231-PI 658988_2018-01-26_12-32-41_6695900,NaN,NaN,NaN,NaN,NaN,NaN
1-26-18_Sorghum_seed_915-232-PI 658989_2018-01-26_03-18-12_6702600,Vis_SV_0,6,7,50.53501833,298,139
1-26-18_Sorghum_seed_915-233-PI 658990_2018-02-09_11-00-41_7048100,NaN,17,22,NaN,NaN,NaN
1-26-18_Sorghum_seed_915-234-PI 658991_2018-02-02_01-49-24_6839200,Vis_SV_108,8,9,36.31788456,590,NaN
1-26-18_Sorghum_seed_915-235-PI 658992_2018-02-02_12-13-28_6836800,Vis_SV_108,11,12,62.91948281,614,NaN
1-26-18_Sorghum_seed_915-236-PI 658993_2018-02-09_11-41-27_7049700,Vis_SV_0,6,7,108.42799,737,92
1-26-18_Sorghum_seed_915-237-PI 658994_2018-02-07_04-03-07_6998400,Vis_SV_0,2,2,102.6411631,501,269
1-26-18_Sorghum_seed_915-238-PI 658995_2018-02-09_10-23-19_7046600,Vis_SV_36,7,9,48.22603,704,45
1-26-18_Sorghum_seed_915-239-PI 658996_2018-01-26_01-05-05_6697200,Vis_SV_0,4,4,58.77320437,1197,NaN
1-26-18_Sorghum_seed_915-240-PI 658997_2018-01-29_03-18-27_6799100,Vis_SV_0,6,7,36.91730397,274,219
1-26-18_Sorghum_seed_915-241-PI 658998_2018-01-29_02-09-15_6790700,Vis_SV_0,7,8,91.78815862,439,91
1-26-18_Sorghum_seed_915-242-PI 658999_2018-02-09_12-16-50_7051300,Vis_SV_144,10,14,100.3646223,1032,NaN
1-26-18_Sorghum_seed_915-243-PI 659000_2018-02-09_11-55-17_7050400,Vis_SV_72,7,11,125.4489456,779,117
1-26-18_Sorghum_seed_915-244-PI 659001_2018-01-26_11-57-43_6694500,Vis_SV_72,6,7,33.03587458,439,NaN
1-26-18_Sorghum_seed_915-245-PI 659002_2018-01-26_01-49-57_6699000,Vis_SV_36,5,6,41.51508984,219,176
1-26-18_Sorghum_seed_915-246-PI 659003_2018-01-26_03-33-12_6703200,Vis_SV_0,7,9,26.78360339,411,72
1-26-18_Sorghum_seed_915-247-PI 659004_2018-02-09_10-30-47_7046900,Vis_SV_36,1,4,135.9885313,166,NaN
1-26-18_Sorghum_seed_915-248-PI 659005_2018-01-26_03-15-37_6702500,Vis_SV_108,5,5,22.76034735,332,81
1-26-18_Sorghum_seed_915-249-PI 659006_2018-02-02_12-47-56_6838300,Vis_SV_72,2,3,22.58309799,768,NaN
1-26-18_Sorghum_seed_915-250-PI 659007_2018-02-09_10-25-49_7046700,Vis_SV_72,6,7,104.2154363,732,34
1-26-18_Sorghum_seed_915-251-PI 659008_2018-02-07_03-28-48_6997200,Vis_SV_144,7,9,115.9855948,952,NaN
1-26-18_Sorghum_seed_915-253-PI 659010_2018-01-29_02-01-26_6790300,NaN,NaN,NaN,NaN,NaN,NaN
1-26-18_Sorghum_seed_915-254-PI 659011_2018-02-07_03-38-43_6997300,Vis_SV_144,9,10,145.7144119,461,197
1-26-18_Sorghum_seed_915-255-PI 659012_2018-01-29_02-42-59_6792600,Vis_SV_144,6,8,38.97981634,619,NaN
1-26-18_Sorghum_seed_915-256-PI 659013_2018-01-26_03-20-41_6702700,Vis_SV_36,4,6,34.73266993,405,53
1-26-18_Sorghum_seed_915-258-PI 659015_2018-02-02_02-12-04_6840100,Vis_SV_0,5,5,14.9161009,1213,NaN
1-26-18_Sorghum_seed_915-259-PI 659016_2018-02-02_02-19-37_6840400,Vis_SV_72,2,4,126.3562188,186,NaN
1-26-18_Sorghum_seed_915-260-PI 659017_2018-01-26_01-10-02_6697400,NaN,NaN,NaN,NaN,NaN,NaN
1-26-18_Sorghum_seed_915-261-PI 659018_2018-01-26_02-58-06_6701800,Vis_SV_108,6,8,77.27284394,352,21
1-26-18_Sorghum_seed_915-262-PI 659019_2018-02-02_02-17-08_6840300,Vis_SV_144,8,9,173.2591134,123,NaN
1-26-18_Sorghum_seed_915-262-PI 659019_2018-02-02_02-37-00_6841100,Vis_SV_108,7,8,72.83839409,514,89
1-26-18_Sorghum_seed_915-263-PI 659020_2018-02-07_03-11-14_6996500,Vis_SV_0,11,15,77.39172877,796,NaN
1-26-18_Sorghum_seed_915-264-PI 659021_2018-02-09_10-18-20_7046400,Vis_SV_108,12,12,76.60841824,705,61
1-26-18_Sorghum_seed_915-265-PI 659022_2018-01-26_03-10-31_6702300,Vis_SV_0,8,11,5.342885137,623,NaN
1-26-18_Sorghum_seed_915-266-PI 659023_2018-02-09_01-12-14_7052300,Vis_SV_144,13,15,77.68108974,860,218
1-26-18_Sorghum_seed_915-267-PI 659024_2018-02-02_12-01-43_6836500,Vis_SV_0,9,9,16.48138538,762,NaN
1-26-18_Sorghum_seed_915-268-PI 659025_2018-02-02_11-59-44_6836400,Vis_SV_0,1,1,NaN,NaN,NaN
1-26-18_Sorghum_seed_915-269-PI 659026_2018-02-09_09-59-39_7045600,Vis_SV_72,8,14,102.2751725,686,57
1-26-18_Sorghum_seed_915-270-PI 659027_2018-01-26_11-42-50_6693900,Vis_SV_108,4,5,113.2111193,376,NaN
1-26-18_Sorghum_seed_915-271-PI 659028_2018-01-26_11-40-16_6693800,Vis_SV_36,6,8,169.504601,122,105
1-26-18_Sorghum_seed_915-272-PI 659029_2018-01-29_03-15-52_6799000,Vis_SV_0,8,11,22.35924804,1211,NaN
1-26-18_Sorghum_seed_915-273-PI 659030_2018-01-26_03-35-42_6703300,NaN,NaN,NaN,NaN,NaN,NaN
1-26-18_Sorghum_seed_915-274-PI 659031_2018-02-07_03-03-43_6996200,Vis_SV_108,7,8,121.417613,556,156
1-26-18_Sorghum_seed_915-275-PI 659032_2018-01-26_12-17-42_6695300,NaN,NaN,NaN,NaN,NaN,NaN
1-26-18_Sorghum_seed_915-276-PI 659033_2018-01-26_12-15-12_6695200,Vis_SV_0,5,9,155.9561696,801,NaN
1-26-18_Sorghum_seed_915-277-PI 659034_2018-02-07_03-01-14_6996100,Vis_SV_108,7,9,127.6558657,668,61
1-26-18_Sorghum_seed_915-278-PI 659035_2018-01-26_02-38-34_6701300,Vis_SV_36,4,6,33.67389303,420,30
1-26-18_Sorghum_seed_915-279-PI 659036_2018-02-02_02-14-39_6840200,Vis_SV_0,8,8,125.6281383,551,80
1-26-18_Sorghum_seed_915-280-PI 659037_2018-02-02_02-07-06_6839900,Vis_SV_36,8,9,65.93099551,392,95
1-26-18_Sorghum_seed_915-281-PI 659038_2018-02-07_04-04-31_6998500,Vis_SV_144,7,9,52.47479788,567,192
1-26-18_Sorghum_seed_915-282-PI 659039_2018-02-02_01-51-52_6839300,Vis_SV_72,10,12,61.15485363,1156,NaN
1-26-18_Sorghum_seed_915-283-PI 659040_2018-01-26_03-00-45_6701900,Vis_SV_108,5,9,40.31924077,246,158
1-26-18_Sorghum_seed_915-284-PI 659041_2018-01-26_01-17-30_6697700,Vis_SV_0,5,8,71.90868423,337,24
1-26-18_Sorghum_seed_915-285-PI 659043_2018-02-07_02-53-46_6995800,Vis_SV_0,3,4,106.495284,493,239
1-26-18_Sorghum_seed_915-286-PI 659044_2018-02-09_02-40-13_7055700,Vis_SV_108,9,10,114.6769095,996,198
1-26-18_Sorghum_seed_915-288-PI 659046_2018-02-09_11-30-15_7049000,Vis_SV_144,9,13,64.69798299,810,57
1-26-18_Sorghum_seed_915-290-PI 659048_2018-01-26_02-15-04_6700100,Vis_SV_108,6,7,135.6186104,1386,NaN
1-26-18_Sorghum_seed_915-291-PI 659049_2018-01-26_11-47-44_6694100,Vis_SV_144,5,6,101.5881849,180,NaN
1-26-18_Sorghum_seed_915-292-PI 659050_2018-02-09_11-59-10_7050600,Vis_SV_36,12,13,49.38878486,904,NaN
1-26-18_Sorghum_seed_915-293-PI 659051_2018-02-07_03-44-01_6997600,NaN,NaN,NaN,NaN,NaN,NaN
1-26-18_Sorghum_seed_915-294-PI 659052_2018-01-29_03-00-43_6796100,Vis_SV_0,7,7,47.79321009,343,234
1-26-18_Sorghum_seed_915-295-PI 659053_2018-01-29_02-23-40_6791400,Vis_SV_0,11,14,42.78680937,656,NaN
1-26-18_Sorghum_seed_915-296-PI 659054_2018-02-07_03-26-19_6997100,Vis_SV_0,2,2,110.6634491,609,133
1-26-18_Sorghum_seed_915-298-PI 659056_2018-01-26_11-50-13_6694200,Vis_SV_72,5,7,120.2844224,1363,NaN
1-26-18_Sorghum_seed_915-299-PI 659057_2018-02-07_03-24-30_6997000,Vis_SV_108,12,12,41.98169829,601,47
1-26-18_Sorghum_seed_915-300-PI 659058_2018-02-09_10-38-16_7047200,Vis_SV_144,10,12,144.447801,698,NaN
1-26-18_Sorghum_seed_915-301-PI 659059_2018-02-09_11-53-11_7050200,Vis_SV_36,9,12,135.035591,686,160
1-26-18_Sorghum_seed_915-301-PI 659059_2018-02-09_12-07-07_7051000,Vis_SV_0,10,11,127.6036884,683,167
1-26-18_Sorghum_seed_915-302-PI 659060_2018-02-09_02-03-17_7054300,NaN,10,17,NaN,NaN,NaN
1-26-18_Sorghum_seed_915-303-PI 659144_2018-02-09_11-51-13_7050100,NaN,11,19,NaN,NaN,NaN
1-26-18_Sorghum_seed_915-304-PI 659145_2018-01-26_02-26-48_6700700,Vis_SV_108,8,9,67.6612003,1280,NaN
1-26-18_Sorghum_seed_915-305-PI 659146_2018-02-09_10-40-46_7047300,Vis_SV_144,3,4,105.9954042,700,NaN
1-26-18_Sorghum_seed_915-306-PI 659147_2018-01-26_01-57-23_6699300,Vis_SV_144,6,7,53.8874137,408,NaN
1-26-18_Sorghum_seed_915-307-PI 659148_2018-01-26_01-54-54_6699200,Vis_SV_108,6,10,81.79723885,299,54
1-26-18_Sorghum_seed_915-308-PI 659149_2018-01-26_12-22-39_6695500,NaN,0,0,NaN,NaN,NaN
1-26-18_Sorghum_seed_915-309-PI 659150_2018-01-29_01-45-18_6786900,Vis_SV_108,5,7,158.9413161,294,5
1-26-18_Sorghum_seed_915-310-PI 659151_2018-01-26_11-22-43_6693100,NaN,NaN,NaN,NaN,NaN,NaN
1-26-18_Sorghum_seed_915-311-PI 659152_2018-01-29_02-26-58_6791600,Vis_SV_0,5,6,63.56049219,429,107
1-26-18_Sorghum_seed_915-312-PI 659153_2018-01-26_12-52-34_6696700,Vis_SV_108,3,4,92.28027774,549,NaN
1-26-18_Sorghum_seed_915-313-PI 659154_2018-01-29_02-28-54_6791700,Vis_SV_0,2,3,111.2992607,249,180
1-26-18_Sorghum_seed_915-314-PI 659155_2018-01-29_02-55-44_6795400,Vis_SV_0,3,3,108.7044278,423,NaN
1-26-18_Sorghum_seed_915-315-PI 659156_2018-02-09_01-39-10_7053300,Vis_SV_36,9,11,78.4941541,1153,NaN
1-26-18_Sorghum_seed_915-315-PI 659156_2018-02-09_12-19-19_7051500,Vis_SV_0,8,10,84.76198453,969,68
1-26-18_Sorghum_seed_915-317-PI 659158_2018-02-02_12-15-17_6836900,Vis_SV_144,6,6,47.51706958,556,NaN
1-26-18_Sorghum_seed_915-318-PI 659159_2018-02-02_01-42-31_6838800,Vis_SV_0,8,13,40.31681802,342,222
1-26-18_Sorghum_seed_915-318-PI 659159_2018-02-02_12-40-22_6838000,Vis_SV_108,8,10,53.82914544,394,142
1-26-18_Sorghum_seed_915-319-PI 659160_2018-02-09_12-09-05_7051100,Vis_SV_144,4,5,52.09180268,1069,NaN
1-26-18_Sorghum_seed_915-320-PI 659161_2018-01-26_12-47-36_6696500,Vis_SV_144,6,8,88.49086434,576,NaN
1-26-18_Sorghum_seed_915-321-PI 659162_2018-01-26_03-03-04_6702000,Vis_SV_108,4,5,37.66712757,522,NaN
1-26-18_Sorghum_seed_915-322-PI 659163_2018-02-05_02-57-43_6947200,Vis_SV_144,4,4,12.88304004,636,11
1-26-18_Sorghum_seed_915-323-PI 659164_2018-02-05_03-00-13_6947300,Vis_SV_36,6,8,57.39530114,397,NaN
1-26-18_Sorghum_seed_915-325-PI 659166_2018-01-26_12-00-19_6694600,Vis_SV_36,3,5,39.73704651,187,19
1-26-18_Sorghum_seed_915-326-PI 659167_2018-02-09_02-27-12_7055300,NaN,15,17,NaN,NaN,NaN
1-26-18_Sorghum_seed_915-327-PI 659168_2018-01-29_02-21-05_6791200,Vis_SV_0,7,7,150.6759249,563,NaN
1-26-18_Sorghum_seed_915-328-PI 659169_2018-02-09_12-05-10_7050900,Vis_SV_108,6,9,96.3591916,954,NaN
1-26-18_Sorghum_seed_915-329-PI 659170_2018-02-09_02-39-18_7055600,Vis_SV_36,12,15,37.71616557,1140,105
1-26-18_Sorghum_seed_915-329-PI 659170_2018-02-09_02-48-51_7055900,NaN,17,26,NaN,NaN,NaN
1-26-18_Sorghum_seed_915-330-PI 659171_2018-02-09_11-38-13_7049500,Vis_SV_72,7,8,43.95849418,802,75
1-26-18_Sorghum_seed_915-331-PI 659172_2018-02-02_01-54-27_6839400,Vis_SV_72,8,9,24.85509902,481,59
1-26-18_Sorghum_seed_915-332-PI 659173_2018-01-26_03-08-02_6702200,Vis_SV_144,4,6,46.40929415,354,69
1-26-18_Sorghum_seed_915-333-PI 659174_2018-02-07_03-53-11_6998000,Vis_SV_108,12,13,35.45515538,523,182
1-26-18_Sorghum_seed_915-334-PI 659175_2018-02-05_02-50-15_6946900,Vis_SV_108,6,7,86.33114469,1237,NaN
1-26-18_Sorghum_seed_915-335-PI 659176_2018-02-05_02-38-24_6946300,Vis_SV_0,2,2,92.4006207,466,141
1-26-18_Sorghum_seed_915-336-PI 659177_2018-01-26_01-40-01_6698600,Vis_SV_72,8,10,50.74921312,217,124
1-26-18_Sorghum_seed_915-337-PI 659178_2018-02-05_01-18-12_6943500,Vis_SV_108,6,7,31.51348095,667,NaN
1-26-18_Sorghum_seed_915-338-PI 659179_2018-02-09_02-34-48_7055500,Vis_SV_108,7,8,75.7022195,1211,NaN
1-26-18_Sorghum_seed_915-339-PI 659180_2018-02-07_02-46-14_6995500,Vis_SV_0,1,1,95.18910292,105,604
1-26-18_Sorghum_seed_915-340-PI 659181_2018-02-05_03-05-11_6947500,NaN,15,18,NaN,NaN,NaN
1-26-18_Sorghum_seed_915-341-PI 659182_2018-02-02_02-24-34_6840600,Vis_SV_108,6,7,36.39126929,467,53
1-26-18_Sorghum_seed_915-342-PI 659183_2018-02-02_02-27-02_6840700,Vis_SV_36,6,8,57.5591285,485,NaN
1-26-18_Sorghum_seed_915-343-PI 659184_2018-02-05_02-47-46_6946800,Vis_SV_0,2,2,125.3785496,621,4
1-26-18_Sorghum_seed_915-344-PI 659185_2018-02-02_11-51-53_6836000,Vis_SV_36,5,6,108.4498897,1141,NaN
1-26-18_Sorghum_seed_915-345-PI 659186_2018-02-02_02-29-30_6840800,NaN,NaN,NaN,NaN,NaN,NaN
1-26-18_Sorghum_seed_915-346-PI 659187_2018-02-09_10-45-44_7047500,Vis_SV_0,5,7,34.97890625,674,79
1-26-18_Sorghum_seed_915-347-PI 659188_2018-02-05_01-12-18_6943200,Vis_SV_144,0,2,NaN,NaN,NaN
1-26-18_Sorghum_seed_915-348-PI 659189_2018-02-02_12-37-46_6837900,Vis_SV_108,6,6,63.85687508,595,NaN
1-26-18_Sorghum_seed_915-349-PI 659190_2018-02-02_01-57-02_6839500,Vis_SV_0,5,6,98.4733024,951,NaN
1-26-18_Sorghum_seed_915-350-PI 659191_2018-02-02_12-52-55_6838500,Vis_SV_144,5,6,83.57884848,984,NaN
1-26-18_Sorghum_seed_915-351-PI 659192_2018-02-02_01-46-54_6839100,Vis_SV_0,5,6,76.07268895,216,29
1-26-18_Sorghum_seed_915-352-PI 659193_2018-01-26_11-20-13_6693000,Vis_SV_108,3,3,172.1550629,253,NaN
1-26-18_Sorghum_seed_915-353-PI 659194_2018-02-02_01-59-32_6839600,Vis_SV_72,5,8,68.66257693,916,NaN
1-26-18_Sorghum_seed_915-354-PI 659195_2018-02-02_11-42-08_6835500,Vis_SV_108,3,4,16.54973789,413,137
1-26-18_Sorghum_seed_915-355-PI 659196_2018-01-26_03-13-00_6702400,Vis_SV_144,5,5,55.82917452,339,29
1-26-18_Sorghum_seed_915-356-PI 659197_2018-02-09_12-24-16_7051700,Vis_SV_108,11,13,52.02723022,706,192
1-26-18_Sorghum_seed_915-357-PI 659198_2018-02-09_01-44-04_7053400,NaN,22,25,NaN,NaN,NaN
1-26-18_Sorghum_seed_915-358-PI 659199_2018-02-09_01-49-08_7053600,Vis_SV_72,7,9,38.23483928,890,213
1-26-18_Sorghum_seed_915-358-PI 659199_2018-02-09_02-07-01_7054400,Vis_SV_36,8,10,30.88364626,1233,NaN
1-26-18_Sorghum_seed_915-359-PI 659200_2018-01-26_12-50-05_6696600,Vis_SV_144,7,7,36.05853124,404,18
1-26-18_Sorghum_seed_915-360-PI 659201_2018-02-07_01-46-41_6993000,Vis_SV_144,4,6,27.43070182,998,NaN
1-26-18_Sorghum_seed_915-361-PI 659202_2018-02-07_01-58-12_6993600,Vis_SV_108,5,5,45.28201828,629,26
1-26-18_Sorghum_seed_915-362-PI 659203_2018-02-07_02-36-12_6995100,Vis_SV_36,10,14,34.68943672,798,NaN
1-26-18_Sorghum_seed_915-363-PI 659204_2018-02-07_04-12-17_6998900,NaN,23,24,NaN,NaN,NaN
1-26-18_Sorghum_seed_915-363-P_2018-02-07_03-55-41_6998100,NaN,26,28,NaN,NaN,NaN
1-26-18_Sorghum_seed_915-364-PI 659205_2018-01-26_01-25-00_6698000,Vis_SV_0,3,6,91.24984885,400,NaN
1-26-18_Sorghum_seed_915-365-PI 659206_2018-02-02_02-02-01_6839700,Vis_SV_108,8,12,47.6099944,657,NaN
1-26-18_Sorghum_seed_915-366-PI 659207_2018-02-02_12-50-25_6838400,Vis_SV_0,7,8,54.12804268,677,NaN
1-26-18_Sorghum_seed_915-367-PI 659208_2018-01-26_02-56-46_6701700,Vis_SV_108,6,7,39.12663978,429,NaN
1-26-18_Sorghum_seed_915-368-PI 659209_2018-01-26_01-12-31_6697500,Vis_SV_72,5,8,24.16838839,399,NaN
1-26-18_Sorghum_seed_915-369-PI 659210_2018-02-07_03-50-44_6997900,Vis_SV_0,6,6,40.89104045,623,39
1-26-18_Sorghum_seed_915-370-PI 659211_2018-02-09_01-19-46_7052400,Vis_SV_144,6,8,25.47869855,737,260
1-26-18_Sorghum_seed_915-371-PI 659212_2018-02-09_10-35-45_7047100,NaN,NaN,NaN,NaN,NaN,NaN
1-26-18_Sorghum_seed_915-371-PI 659212_2018-02-09_10-55-41_7047900,Vis_SV_144,5,7,145.7023816,744,107
1-26-18_Sorghum_seed_915-372-PI 659214_2018-02-05_01-14-15_6943300,Vis_SV_144,3,7,94.876832,283,8
1-26-18_Sorghum_seed_915-373-PI 659215_2018-01-29_03-13-24_6798500,Vis_SV_144,8,10,52.94473866,543,NaN
1-26-18_Sorghum_seed_915-374-PI 659216_2018-02-07_03-39-28_6997400,Vis_SV_144,8,8,56.57799057,439,311
1-26-18_Sorghum_seed_915-375-PI 659217_2018-01-26_11-30-12_6693400,Vis_SV_108,0,1,5.850483763,303,NaN
1-26-18_Sorghum_seed_915-376-PI 659218_2018-01-29_02-22-54_6791300,Vis_SV_72,1,2,42.71989878,356,98
1-26-18_Sorghum_seed_915-377-PI 659219_2018-02-09_11-27-51_7048900,NaN,14,17,NaN,NaN,NaN
1-26-18_Sorghum_seed_915-378-PI 659220_2018-02-09_10-48-13_7047600,Vis_SV_36,7,9,41.16911239,958,NaN
1-26-18_Sorghum_seed_915-380-PI 659222_2018-02-02_01-45-14_6839000,Vis_SV_72,4,5,80.16830108,948,NaN
1-26-18_Sorghum_seed_915-381-PI 659223_2018-01-29_02-53-14_6795100,Vis_SV_108,5,6,35.87729769,271,191
1-26-18_Sorghum_seed_915-382-PI 659224_2018-02-05_01-28-02_6944000,Vis_SV_0,10,10,62.28160802,430,125
1-26-18_Sorghum_seed_915-383-PI 659225_2018-01-26_12-05-17_6694800,Vis_SV_108,5,6,64.18343274,876,NaN
1-26-18_Sorghum_seed_915-384-PI 659226_2018-02-09_12-26-45_7051800,Vis_SV_36,11,13,46.56809503,877,90
1-26-18_Sorghum_seed_915-385-PI 659227_2018-02-09_10-50-42_7047700,Vis_SV_0,13,14,32.4412117,948,NaN
1-26-18_Sorghum_seed_915-386-PI 659228_2018-02-09_12-36-42_7052200,Vis_SV_144,6,10,136.1441136,145,NaN
1-26-18_Sorghum_seed_915-387-PI 659229_2018-02-07_03-58-10_6998200,Vis_SV_144,6,7,37.20266339,1011,NaN
1-26-18_Sorghum_seed_915-388-PI 659230_2018-02-09_01-22-21_7052600,Vis_SV_0,9,10,108.5666003,771,190
1-26-18_Sorghum_seed_915-389-PI 659231_2018-02-09_10-15-50_7046300,Vis_SV_0,5,8,42.09155607,858,NaN
1-26-18_Sorghum_seed_915-390-PI 659232_2018-02-09_11-32-22_7049200,Vis_SV_144,4,6,127.1446794,401,444
1-26-18_Sorghum_seed_915-391-PI 659233_2018-02-02_12-17-51_6837100,Vis_SV_72,10,12,23.38645332,558,NaN
1-26-18_Sorghum_seed_915-392-PI 659234_2018-02-09_01-54-02_7053800,Vis_SV_108,8,14,66.59507067,1154,37
1-26-18_Sorghum_seed_915-392-PI 659234_2018-02-09_02-09-11_7054600,Vis_SV_108,8,15,106.1847051,1115,93
1-26-18_Sorghum_seed_915-393-PI 659235_2018-01-26_01-27-29_6698100,Vis_SV_0,4,6,35.41823466,466,NaN
1-26-18_Sorghum_seed_915-394-PI 659236_2018-02-07_04-10-18_6998800,Vis_SV_108,14,15,48.86563857,855,NaN
1-26-18_Sorghum_seed_915-394-PI 659236_2018-02-07_04-29-32_6999100,NaN,18,19,NaN,NaN,NaN
1-26-18_Sorghum_seed_915-395-PI 659237_2018-02-09_01-44-50_7053500,NaN,21,21,NaN,NaN,NaN
1-26-18_Sorghum_seed_915-395-PI 659237_2018-02-09_02-12-59_7054700,NaN,21,22,NaN,NaN,NaN
1-26-18_Sorghum_seed_915-396-PI 659238_2018-02-09_12-03-12_7050800,Vis_SV_0,3,4,48.84486451,969,NaN
1-26-18_Sorghum_seed_915-397-PI 659239_2018-02-07_02-28-34_6994800,Vis_SV_108,12,13,69.15934074,435,281
1-26-18_Sorghum_seed_915-398-PI 659240_2018-02-09_12-01-06_7050700,NaN,14,17,NaN,NaN,NaN
1-26-18_Sorghum_seed_915-399-PI 659241_2018-02-09_10-28-19_7046800,Vis_SV_0,11,12,76.57592554,676,57
1-26-18_Sorghum_seed_915-400-PI 659242_2018-02-09_01-26-39_7052800,NaN,15,20,NaN,NaN,NaN
1-26-18_Sorghum_seed_915-401-PI 659243_2018-02-09_11-17-32_7048600,Vis_SV_36,7,10,70.76336468,975,NaN
1-26-18_Sorghum_seed_915-401-PI 659243_2018-02-09_11-35-30_7049300,Vis_SV_36,8,8,69.11646453,1017,NaN
1-26-18_Sorghum_seed_915-402-PI 659244_2018-02-02_12-45-26_6838200,Vis_SV_108,6,8,58.27513135,976,NaN
1-26-18_Sorghum_seed_915-403-PI 659245_2018-01-26_01-22-35_6697900,Vis_SV_108,5,6,46.65723135,321,42
1-26-18_Sorghum_seed_915-404-PI 659246_2018-02-02_11-53-51_6836100,Vis_SV_0,5,5,47.03090512,563,NaN
1-26-18_Sorghum_seed_915-405-PI 659247_2018-02-02_12-16-03_6837000,NaN,NaN,NaN,NaN,NaN,NaN
1-26-18_Sorghum_seed_915-405-PI 659247_2018-02-02_12-55-25_6838600,NaN,NaN,NaN,NaN,NaN,NaN
1-26-18_Sorghum_seed_915-406-PI 659248_2018-02-09_02-33-53_7055400,NaN,16,20,NaN,NaN,NaN
1-26-18_Sorghum_seed_915-406-PI 659248_2018-02-09_02-47-02_7055800,NaN,18,19,NaN,NaN,NaN
1-26-18_Sorghum_seed_915-407-PI 659249_2018-02-09_10-33-16_7047000,Vis_SV_108,5,6,72.38177064,657,153
1-26-18_Sorghum_seed_915-408-PI 659250_2018-02-02_11-48-08_6835800,Vis_SV_144,6,7,17.31273304,405,47
1-26-18_Sorghum_seed_915-409-PI 659251_2018-01-29_02-11-13_6790800,Vis_SV_144,7,8,25.31841845,252,208
1-26-18_Sorghum_seed_915-410-PI 659252_2018-02-09_11-47-24_7050000,Vis_SV_144,8,9,63.07948979,1019,NaN
1-26-18_Sorghum_seed_915-411-PI 659253_2018-02-09_12-34-12_7052100,NaN,25,29,NaN,NaN,NaN
1-26-18_Sorghum_seed_915-412-PI 659254_2018-02-09_02-18-52_7055000,NaN,15,19,NaN,NaN,NaN
1-26-18_Sorghum_seed_915-413-PI 659255_2018-02-02_02-32-03_6840900,Vis_SV_0,6,6,77.12934381,723,NaN
1-26-18_Sorghum_seed_915-414-PI 659256_2018-01-26_01-15-00_6697600,Vis_SV_0,5,6,76.72756095,527,NaN
1-26-18_Sorghum_seed_915-415-PI 659257_2018-02-09_01-24-10_7052700,NaN,14,16,NaN,NaN,NaN
1-26-18_Sorghum_seed_915-416-PI 659258_2018-01-26_12-45-07_6696400,Vis_SV_36,8,9,47.23418313,300,16
1-26-18_Sorghum_seed_915-417-PI 659259_2018-02-02_02-41-57_6841300,Vis_SV_0,12,13,45.65176018,724,NaN
1-26-18_Sorghum_seed_915-418-PI 659260_2018-02-09_12-21-47_7051600,Vis_SV_72,1,3,77.42686222,635,284
1-26-18_Sorghum_seed_915-419-PI 659261_2018-02-09_10-00-43_7045700,NaN,28,28,NaN,NaN,NaN
1-26-18_Sorghum_seed_915-420-PI 659262_2018-02-07_04-08-20_6998700,Vis_SV_72,9,11,107.2332923,910,NaN
1-26-18_Sorghum_seed_915-421-PI 659263_2018-02-09_11-31-01_7049100,Vis_SV_0,5,6,34.66576661,977,NaN
1-26-18_Sorghum_seed_915-422-PI 659264_2018-02-05_02-45-17_6946700,Vis_SV_36,7,11,56.12866805,486,NaN
1-26-18_Sorghum_seed_915-423-PI 659265_2018-02-05_01-22-08_6943700,Vis_SV_72,4,5,64.76446861,232,328
1-26-18_Sorghum_seed_915-424-PI 659266_2018-02-09_10-10-49_7046100,Vis_SV_144,11,14,72.33271725,795,3
1-26-18_Sorghum_seed_915-425-PI 659267_2018-02-02_11-55-49_6836200,Vis_SV_72,8,8,94.58598559,856,NaN
1-26-18_Sorghum_seed_915-426-PI 659268_2018-02-02_01-44-29_6838900,Vis_SV_0,12,14,44.5754251,638,NaN
1-26-18_Sorghum_seed_915-427-PI 659269_2018-02-09_10-05-39_7045900,Vis_SV_108,5,8,154.8083478,912,NaN
1-26-18_Sorghum_seed_915-428-PI 659270_2018-02-02_12-32-48_6837700,NaN,12,16,NaN,NaN,NaN
1-26-18_Sorghum_seed_915-429-PI 659271_2018-01-26_12-37-40_6696100,Vis_SV_72,7,10,47.68052582,370,NaN
1-26-18_Sorghum_seed_915-430-Ref1_2018-01-29_01-55-33_6790000,Vis_SV_108,8,9,57.0180873,538,NaN
1-26-18_Sorghum_seed_915-432-Ref3_2018-02-05_01-00-26_6942600,Vis_SV_0,4,4,95.77614893,464,31
1-26-18_Sorghum_seed_915-433-Ref4_2018-02-05_01-44-46_6944700,Vis_SV_108,4,7,37.37783306,500,145
1-26-18_Sorghum_seed_915-435-Ref6_2018-02-05_02-19-35_6946000,Vis_SV_108,7,10,64.13165871,634,NaN
1-26-18_Sorghum_seed_915-437-Ref8_2018-01-29_03-10-59_6798000,Vis_SV_144,6,9,40.15034915,553,88
1-26-18_Sorghum_seed_915-438-Ref9_2018-02-02_11-38-09_6835300,Vis_SV_144,9,12,45.95394051,680,NaN
1-26-18_Sorghum_seed_915-439-Ref10_2018-02-05_01-36-44_6944400,Vis_SV_108,7,13,57.55405872,585,14
1-26-18_Sorghum_seed_915-440-Ref11_2018-01-26_11-05-39_6692300,NaN,NaN,NaN,NaN,NaN,NaN
1-26-18_Sorghum_seed_915-441-Ref12_2018-02-02_02-04-37_6839800,Vis_SV_108,7,8,29.12142908,853,NaN
1-26-18_Sorghum_seed_915-442-Ref13_2018-02-02_12-27-50_6837500,Vis_SV_108,7,7,37.84255308,389,206
1-26-18_Sorghum_seed_915-443-Ref14_2018-02-02_12-30-19_6837600,Vis_SV_108,5,6,48.99134495,508,101
1-26-18_Sorghum_seed_915-444-Ref15_2018-02-02_11-49-56_6835900,Vis_SV_0,6,7,81.23449412,266,NaN
1-26-18_Sorghum_seed_915-445-Ref16_2018-02-02_02-34-31_6841000,Vis_SV_108,8,10,53.42413909,647,NaN
1-26-18_Sorghum_seed_915-446-Ref17_2018-02-07_02-51-15_6995700,Vis_SV_144,9,10,40.19238383,588,155
1-26-18_Sorghum_seed_915-447-Ref18_2018-02-07_02-00-10_6993700,NaN,12,16,NaN,NaN,NaN
1-26-18_Sorghum_seed_915-448-Ref19_2018-02-07_03-45-48_6997700,Vis_SV_72,9,12,35.1668401,853,NaN
1-26-18_Sorghum_seed_915-449-Ref20_2018-02-05_01-24-06_6943800,Vis_SV_36,8,12,37.19323088,722,NaN
1-26-18_Sorghum_seed_915-450-Ref21_2018-02-09_10-02-12_7045800,NaN,14,17,NaN,NaN,NaN
1-26-18_Sorghum_seed_915-451-Ref22_2018-01-26_01-20-00_6697800,Vis_SV_0,6,6,81.2100866,350,37
1-26-18_Sorghum_seed_915-452-Ref23_2018-02-02_02-09-35_6840000,Vis_SV_72,5,7,77.85171835,492,97
1-26-18_Sorghum_seed_915-453-Ref24_2018-02-05_01-16-14_6943400,Vis_SV_108,7,7,71.48920674,379,209
